ACURA,AMERICAN IRONHORSE,ALFA ROMEO,AMC,AMERICAN HAULER,AMERICAN NORTHERN HAULER,APRILIA,ASTON MARTIN,ASUNA GT,ATK,AUDI,BENTLEY,BIG DOG,BMW,BOREEM,BUELL,BUICK,CADILLAC,HUSQVARNA,CHEVROLET,CHRYSLER,CORRECT CRAFT,DAEWOO,DAIHATSU,DATSUN,DERBI,DODGE,DUCATI,EAGLE,FEATHERLITE,FERRARI,FIAT,JINAN FLYBO,FORD,FREIGHTLINER,GLOBAL-ELECTRIC,GENESIS TRAILERS,GEO,GLASTRON,GM,GMC,HAULMARK,HARLEY-DAVIDSON,HINO,HONDA,HUSABERG,UMMER,HYOSUNG,HYUNDAI,ICCO,INDIAN,INFINITI,INTERNATIONAL,ISUZU,IVECO,JAGUAR,JAYCO,JEEP,JOHN DEERE,KAWASAKI,KIA,KTM,LADA,LAMBORGHINI,LAND ROVER,LEXUS,LAFORZA,LINCOLN,LANCIA,LOTUS,MASERATI,MAYBACH,MAZDA,MERCEDES BENZ,MERCURY,MINI,MITSUBISHI,MOTO GUZZI,MZ,NISSAN-DIESEL-MOTOR,NISSAN,OLDSMOBILE,PEUGEOT,PLYMOUTH,POLARIS,PONTAIC,PORSCHE,RENAULT,ROADMASTER,ROKETA,ROLLS ROYCE,ROYAL CARGO,SAAB,SATURN,SCION,SKODA,SMART CAR,SPARTAN,STERLING,SUBARU,SURE_TRAC,SUZUKI,TAHOE,TOYOTA,TRIUMPH,TVR,UTILIMASTER,VESPA,VOLKSWAGEN,VOLVO,WINNEBAGO,WORKHORSE,YAMAHA,YUGO,ZONG,UNKNOWN
EL, 10TH ANNIVERSARY,164,ALLIANCE,6X10 ,8.5 X 24,ATLANTIC ,DB7,GT,250,100, ARNAGE,    AEROGLIDE,    1-SERIES,50, BLAST,ALLURE,60 SPECIAL,125,3500,300,196,LANOS,CHARADE,200,ATLANTIS ,1500 RAM VANS,650,2000,UTILITY,131,124,XFD6000ZK,550,SPRINTER,825,PONTOON ,METRO,GT,EV1,1500,Hauler,FLH80,FA ,ACCORD,499C,1,250,ACCENT,1652 SC,CHIEF,EX35,1000,AMIGO,EURO,    S-TYPE,25,ALLIANCE,ENT,80,AMANTI,125,NIVA,COUNTACH,COUNTY,ES,LAFORZA,AVIATOR,BETA,ELAN,425,57,3,190,CAPRI,COOPER,3000,1000,COUNTRY,CMA83,   200SX,88,405,ACCLAIM,8 BALL,1000,911,18I,RME612SA30,ATV-20AR,CARMAQUE,5X8,    9-3,ASTRA,TC,SKODA,FORTWO,MOTOR HOME,500SPORTCHASSIS,    BAJA,TRAILER,    EQUATOR,SKI,    4RUNNER,ADVENTURER,450 SE,VAN,C161C,CABRIO,240,CLASS A,COMMERCIAL W42,50,GV,ZS125ST,null
CL,    LEGEND,    GTV ,    CONCORD,    6X12 ,null,    CAPO NORD,    DB9,SE,350,200,    AZURE,    AEROSPORT,    3-SERIES,90,    CYCLONE ,    CENTURY,    ALLANTE,250,4000,    ASPEN,null,    LEGANZA,    ROCKY,210,    OULEVARD ,    2000 GTX,748,    EAGLE,     CAR ,308,    BERTONE,null,    AEROSTAR,    B2 BUS,null,CANOE ,    PRIZM,null,null,2500,Transport,    FLHP,FB,ATC,    FC400,2,650,    AZERA,3000, SCOUT,    FX,2000,    ASCENDER,    Z100,    SOVERIGN,null,    CHEROKEE,    HGH,125,    BORREGO,250,    SAMARA,    DIABLO,    DEFENDER,GS,null,    BLACKWOOD,    ZAGATO,    ELISE,430,62,323,240,    COUGAR,null,    CORDIA,CALIFORNIA,    SILVERSTAR,    UD1000,    240SX,98,504,    ARROW,    ANESS KINGPIN,    2000 SUNBIRD,924,    FUEGO,    RMU714TA35,null,    CORNICHE,    6X10 ,    9-5,    AURA,    XB,null,null,    SHUTTLE BUS,825,    BRAT,null,    ESTEEM,null,    AVALON,    BONNEVILLE,    S3C,null,    M198F,    CC,260,    LE SHARO/PHASAR,    COMMERCIAL W50,100,null,    ZS200GY-A,null
    CSX,    LSC,    MILANO,    EAGLE ,    7X16 ,null,    MOJITO ,    VANQUISH,    SUNRUNNER,406,4000,    BENTLEY,    BOXER,    3-Series,null,    LIGHTING ,    ELECTRA,    BROUGHAM,260,4500,    CARAVAN,null,    NUBIRA,null,280,null,VANS,749,    MEDALLION,ENCLOSED ,328,    BRAVA,null,    ASPIRE,    FB65 SHUTTLE BUS,null,FISH ,    SPECTRUM ,null,null,350,v-nose,    FLHR,    HIN,CB,    FC501,3,450,    ELANTRA,null,null,    FX35,3000,    AXIOM,    Z110,    SUPER V8,null,CJ,    M LINE,250,    FORTE,400,    SIGNET,    GALLARDO,    DISCOVERY,GX,null,    CONTINENTAL,null,    ESPRIT,    BITURBO,null,5,SPRINTER,    GRAND MARQUIS,null,    DIAMANTE,DAYTONA,    SKORPION ,    UD1200,    300ZX,    ACHIEVA,505,    BREEZE,    BIG BOSS 500 6X6,6000,928,    LE CAR,null,null,    FLYING SPUR,    6X12 ,    9-7X,    ION,    XD,null,null,    STEP VANS,827,    FORESTER,null,    FORENZA,null,CAB,    DAYTONA,    TVR,null,null,    CORRADO,740,    RIALTA,    P30 FORWARD CNTL,125,null,null,null
    INTEGRA,    OUTLAW,    SPIDER,    ENCORE,    8.5X26 ,null,    RALLY ,    VIRAGE,null,490,5000,    BROOKLANDS,    BULLDOG,318,null,    RS ,    ENCLAVE,    CATERA,350,5000,    CIRRUS,null,null,null,310,null,SPRINTER,750,    PREMIER,   STOCK,348,    PININFARINA,null,    BRONCO,    FBX 106,null,null,    SPRINT,null,null,4500,null,    FLHS,GC,CH,    FC600,C,null,    ENTOURAGE,null,null,    FX50,4000,PU,    Z220,    VANDEN ,null,    COMANCHE,    MID,400,    OPTIMA,null,null,    JALPA,    FREELANDER,IS,null,    LS,null,null,    GRANSPORT,null,6,280,    LN7,null,    ECLIPSE,SPORT,    TOUR,    UD1300,    350Z,    ALERO,604,    CARAVELLE,    CNESS VEGAS,    ACADIAN,944,    R18,null,null,    PARK WARD,    6X14 ,900,    L100,    tC,null,null,    TRANSIT BUS,    ACTERRA,    IMPREZA,null,    FORSA,null,    CAMRY,    LEGEND,null,null,null,    DASHER,760,    WALK-IN VAN,    P30 MOTOR HOME,250,null,null,null
    LEGEND,    RANGER,    VELOCE,    SPIRIT,null,null,    RS50,    Vantage,null,50,80,    CONTINENTAL,    CHOPPER,320,null,    THUNDERBOLT ,    LACROSSE,    CIMARRON,510,5500,    CONCORDE,null,null,null,510,null,    25004X2,851,    SUMMIT, HORSE,360,    STRADA,null,   BLUE DIAMOND,    FS65,null,null,    STORM,null,null,5000,null,    FLHT,null,    CIVIC,    FE350,L,null,    EXCEL,null,null,    G20,500,    FRR,    Z230,    X-TYPE,null,    COMMANDER,SHUTTLE,500,    RIO,null,null,    LM,    LR2,LS,null,    MARK,null,null,    M128 ,null,626,300,    LYNX,null,    ENDEAVOR,CENTAURO,null,    UD1400,    370Z,    AURORA,null,    CHAMP,    DELUXE TOURING,    AZTEK,968,    R5,null,null,    PHANTOM,null,9000,    L200,null,null,null,null,    L7500,    JUSTY,null,    GRAND VITARA,null,    CELICA,    SPEED ,null,null,null,    EOS,780,null,    P31 STEP VAN,400,null,null,null
    MDX,    SLAMMER,null,null,null,null,    RST,null,null,503,90,    MULSANNE,    COYOTE,323,null,    TOURING,    LESABRE,    COMMERCIAL ,610,6000,    CONQUEST,null,null,null,720,null,400,888,    TALON,null,430,    X ,null,    CLUB WAGON,    M LINE ,null,null,    TRACKER,null,null,5500,null,    FLHX,null,CM,    FE400,null,null,    GENESIS,null,null,    G35,600,    FSR,null,    XF,null,    COMPASS,    T LINE,600,    RONDO,null,null,    MURCIELAG,    LR3,LX,null,    MKS,null,null,    M138,null,929,350,    MARAUDER,null,    EXPO,    V10 CENTAURO,null,    UD1800,720,    BRAVADA,null,    COLT,    DIESEL,    BONNEVILLE,    BOXSTER,    SPORTWAGON,null,null,    SILVER DAWN,null,92,    L300,null,null,null,null,    LT7500,    LEGACY,null,    KIZASHI,null,CAMPER,    SPRINT,null,null,null,    EUROVAN,850,null,    P42,500,null,null,null
    NSX,    STALKER,null,null,null,null,    SCARABEO ,null,null,600,    A3,null,    HUSKEY,325,null,    XB125,    LUCERNE,    CTS,    CAGIVA,    ASTRO ,    CORDOBA,null,null,null,    MAXIMA,null,600,900,    VISION,null,456,null,null,    COMMERCIAL VANS,    M2,null,null,null,null,null,6000,null,    FLST,null,    CR-V,    FE501,null,null,    PONY,null,null,    G37,    CO-LFE,    HOMBRE,null,    XJ,null,    CONCORD,    X LINE,750,    SEDONA,null,null,null,    LR4,RX,null,    MKT,null,null,    QUATTROPORTE,null,    B2000,380,    MARINER,null,    FE4,null,null,    UD1800CS,    ALTIMA,    CALAIS,null,    CONQUEST,    GEN II,    CATALINA,    CAYENNE,null,null,null,    SILVER SERAPH,null,93,    LS,null,null,null,null,    M5500,    LOYALE,null,    SAMURAI,null,    COROLLA,    THUNDERBIRD,null,null,null,    FOX,940,null,    P42 STEP VAN,600,null,null,null
    RDX,    TEJAS SJ,null,null,null,null,    SR50,null,null,605,    A4,null,    MASTIFF,328,null,FIREBOLT ,    PARK AVENUE,    DEVILLE,null,    AVALANCHE,    CROSSFIRE,null,null,null,    PULSAR,null,    ARIES,906,    VISTA,null,    512TR,null,null,    CONTOUR,    MED CONV FL50,null,null,null,null,null,6500,null,    FLT,null,CR,    FE600,null,null,    SANTA FE,null,null,    I30,    METRO ,    I-290,null,    XK,null,    EAGLE,null,800,    SEPHIA,null,null,null,    RANGE ROVER,SC,null,    MKX,null,null,    SPYDER,null,    B2200,400,    MARQUIS,null,    FE444,null,null,    UD2000,    ALTRA,    CIERA,null,    GRAN FURY,    GEN III,    FIERO,    CAYMAN,null,null,null,    SILVER SPIRIT,null,95,    LS1,null,null,null,null,    M6500,    OUTBACK,null,    SIDEKICK,null,    CORONA,    TIGER,null,null,null,    GLI,960,null,    W18 MTR HM CHASS,750,null,null,null
    RL,    TEXAS CHOPPER,null,null,null,null,    TUONO ,null,null,null,    A5,null,    PITBULL,330,null,    XB9S,    RAINIER,    DTS,null,    AVEO,    DAYTONA,null,null,null,    SENTRA,null,    AVENGER,907,null,null, SUPERAMERICA,null,null,    CONVENTIONAL ,    MED CONV FL60,null,null,null,null,null,    CABALLERO,null,    FX,null,CT,    FE650,null,null,    SCOUPE,null,null,    I35,null,    I-370,null,null,null,    ENCORE,null,900,    SORENTO,null,null,null,null,null,null,    MKZ,null,null,null,null,    B2300,420,    MERKUR,null,    FE6,null,null,null,    ARMADA,    CUSTOM CRUISER,null,    HORIZON,    GEN IV,    FIREBIRD,    PANAMERA,null,null,null,    SILVER SPUR,null,    97X,    LS2,null,null,null,null,null,    RX4 ,null,    SWIFT,null,    CRESSIDA,    TR7,null,null,null,    GOLF,    C30,null,null,1000,null,null,null
    RSX,null,null,null,null,null,null,null,null,null,    A6,null,    PROSPORT,    5 series,null,null,    REATTA,    ELDORADO,null,    BERETTA,    DYNASTY,null,null,null,    STANZA,null,    CALIBER,916,null,null,  MARANELLO,null,null,    COURIER,    SPORT,null,null,null,null,null,    CANYON,null,    MT-500,null,CX,    FS600,null,null,    SONATA,null,null,    J30,null,    I-MARK,null,null,null,    GRAND CHEROKEE,null,null,    SOUL,null,null,null,null,null,null,    NAVIGATOR,null,null,null,null,    B2500,500,    MILAN,null,    FE8,null,null,null,    AXXESS,    CUTLASS,null,    LASER,    HAMMER,    FIREFLY,null,null,null,null,    TOURING LIMO,null,null,    LW1,null,null,null,null,null,    SUBARU,null,    SX4,null,    ECHO,    TR8,null,null,null,    GTI,    C70,null,null,null,null,null,null
    SLX,null,null,null,null,null,null,null,null,null,    A8,null,    RIDGEBACK,524,null,null,    REGAL,    ESCALADE,null,    BLAZER,    E CLASS,null,null,null,null,null,    CARAVAN,996,null,null,   SCAGLIETTI,null,null,    COWLS,null,null,null,null,null,null,    COMMERCIAL ,null,VRS,null,    ELEMENT,    FX400,null,null,    STELLAR,null,null,    M30,null,    I280,null,null,null,    J10,null,null,    SPECTRA,null,null,null,null,null,null,    TOWN CAR,null,null,null,null,    B2600,560,    MONTEGO,null,    FG434,null,null,null,    CUBE,    FIRENZA,null,    NEON,    KINGPIN,    G3,null,null,null,null,null,null,null,    LW2,null,null,null,null,null,    SVX,null,    VERONA,null,XCAB,    TRIDENT,null,null,null,    JETTA,    S40,null,null,null,null,null,null
    TL,null,null,null,null,null,null,null,null,null,    ALLROAD,null,    VINTAGE ,525,null,null,    RENDEZVOUS,    FLEETWOOD,null,    C,    EXCUTIVE SEDAN,null,null,null,null,null,    CHALLENGER,999,null,null,    ENZO,null,null,    CROWN ,null,null,null,null,null,null,    DENALI,null,XL,null,    EV PLUS,    FX600,null,null,    TIBURON,null,null,    M35,null,    I350,null,null,null,    J20,null,null,    SPECTRA5,null,null,null,null,null,null,    ZEPHYR,null,null,null,null,    B3000,    B200,    MONTEREY,null,    FG6,null,null,null,    D21,    INTRIGUE,null,    PROWLER,    KINGPIN CUSTOM,    G5,null,null,null,null,null,null,null,    LW200,null,null,null,null,null,    TRIBECA,null,    VITARA,null,    FJ CRUISER,    TROPHY ,null,null,null,    KOMBI,    S60,null,null,null,null,null,null
    TSX,null,null,null,null,null,null,null,null,null,    CABRIOLET,null,    WOLF,528,null,null,    RIVIERA,    PROFESSIONAL ,null,    CAMARO,    FIFTH AVENUE,null,null,null,null,null,    CHARGER,    MONSTER ,null,null,    F35 ,null,null,    E SUPER DUTY ,null,null,null,null,null,null,    ENVOY,null,XR,null,FL,    FX650,null,null,    TUCSON,null,null,    M37,null,    IMPULSE,null,null,null,    LIBERTY,null,null,    SPORTAGE,null,null,null,null,null,null,null,null,null,null,null,    B4000,    C220,    MOUNTAINEE,null,    FG8,null,null,null,    FRONTIER,    LSS,null,    RELIANT,    MAGNUM 325 2X4,    G6,null,null,null,null,null,null,null,    LW300,null,null,null,null,null,GL,null,null,null,    HIGHLANDER,    TT600,null,null,null,BEETLE,    S70,null,null,null,null,null,null
    VIGOR,null,null,null,null,null,null,null,null,null,    COUPE,null,null,530,null,null,    ROADMASTER,    SEVILLE,null,    CAPRICE,    GRAND VOYAGER,null,null,null,null,null,    COLT,    MULTISTRADA,null,null,    F355,null,null,    E100 ,null,null,null,null,null,null,    FORWARD CONTROL ,null,null,null,GL,null,null,null,    VERACRUZ,null,null,    M45,null,    NPR,null,null,null,    PATRIOT,null,null,null,null,null,null,null,null,null,null,null,null,null,null,    CX-7,    C230,    MOUNTAINEER,null,    FH100,null,null,null,    GT-R,    OMEGA,null,    SAPPORO,    MAGNUM 325 4X4,    G8,null,null,null,null,null,null,null,    OUTLOOK,null,null,null,null,null,DL,null,null,null,    LAND CRUISER,null,null,null,null,    PASSAT,    S80,null,null,null,null,null,null
    ZDX,null,null,null,null,null,null,null,null,null,    CUSTOM,null,null,533,null,null,    SKYHAWK,    SRX,null,    CAVALIER,    IMPERIAL,null,null,null,null,null,    CONQUEST,    ST,null,null,    F40,null,null,    E150 ,null,null,null,null,null,null,    G-P ,null,null,null,    INSIGHT,null,null,null,    XG300,null,null,    M56,null,    NQR,null,null,null,    SCRAMBLER,null,null,null,null,null,null,null,null,null,null,null,null,null,null,    CX-9,    C240,    MYSTIQUE,null,    FH2,null,null,null,    KING CAB ,    SILHOUETTE,null,    SCAMP,    MAGNUM 500,    GRAND AM,null,null,null,null,null,null,null,    RELAY,null,null,null,null,null,null,null,null,null,    LANDCRUISER,null,null,null,null,    PHAETON,    S90,null,null,null,null,null,null
null,null,null,null,null,null,null,null,null,null,    GT,null,null,535,null,null,    SKYLARK,    STS,null,    CELEBRITY,    INTREPID,null,null,null,null,null,    D-,null,null,null,    F50,null,null,    E250,null,null,null,null,null,null,    GEO TRACKER,null,null,null,125,null,null,null,    XG350,null,null,    Q45,null,    NRR,null,null,null,    SPIRIT,null,null,null,null,null,null,null,null,null,null,null,null,null,null,    GLC,    C280,    SABLE,null,    GALANT,null,null,null,    LONG BED,    TORONADO,null,    SUNDANCE,    NESS,    GRAND PRIX,null,null,null,null,null,null,null,    SC,null,null,null,null,null,null,null,null,null,    MATRIX,null,null,null,null,    QUANTUM,    V40,null,null,null,null,null,null
null,null,null,null,null,null,null,null,null,null,    Q5,null,null,540,null,null,    SOMERSET,    XLR,null,    CHEVETTE,    LASER,null,null,null,null,null,    D50,null,null,null,    F550,null,null,    E350,null,null,null,null,null,null,    HI-CUBE ,null,null,null,250,null,null,null,null,null,null,    QX4,null,    OASIS,null,null,null,    WAGONEER,null,null,null,null,null,null,null,null,null,null,null,null,null,null,    MAZDA2,    C320,    SCORPIO,null,    LANCER,null,null,null,    MAXIMA,null,null,    TRAILDUSTER,    RANGER,    GTO,null,null,null,null,null,null,null,    SKY,null,null,null,null,null,null,null,null,null,    MR2,null,null,null,null,    R32,    V50,null,null,null,null,null,null
null,null,null,null,null,null,null,null,null,null,    Q7,null,null,545,null,null,    TERRAZA,null,null,    CITATION,    LEBARON,null,null,null,null,null,    DAKOTA,null,null,null,    MONDIAL,null,null,    E450 ,null,null,null,null,null,null,    JIMMY,null,null,null,500,null,null,null,null,null,null,    QX56,null,    PUP,null,null,null,    WRANGLER,null,null,null,null,null,null,null,null,null,null,null,null,null,null,    MAZDA3,    C350,    TOPAZ,null,    MIGHTY MAX,null,null,null,    MICRA,null,null,    VOYAGER,    SCRAMBLER 400 4X2,    Grand Prix,null,null,null,null,null,null,null,    SL,null,null,null,null,null,null,null,null,null,    PASEO,null,null,null,null,    RABBIT,    V70,null,null,null,null,null,null
null,null,null,null,null,null,null,null,null,null,    R8,null,null,550,null,null,null,null,null,    CLASSIC,    LHS,null,null,null,null,null,    DAYTONA,null,null,null,    TESTAROSSA,null,null,    ECONOLINE ,null,null,null,null,null,null,SUBURBAN,null,null,null,550,null,null,null,null,null,null,null,null,    REG CAB ,null,null,null,null,null,null,null,null,null,null,null,null,null,null,null,null,null,null,    MAZDA5,    C36,    TRACER,null,    MIRAGE,null,null,null,    MULTI,null,null,null,    SCRAMBLER 400 4X4,    J2000,null,null,null,null,null,null,null,    SL1,null,null,null,null,null,null,null,null,null,    PICKUP,null,null,null,null,    ROUTAN,    V90,null,null,null,null,null,null
null,null,null,null,null,null,null,null,null,null,    RS ,null,null,    6-SERIES,null,null,null,null,null,    COBALT,    NEON,null,null,null,null,null,    DIPLOMAT,null,null,null,null,null,null,    EDGE,null,null,null,null,null,null,    RALLY,null,null,null,650,null,null,null,null,null,null,null,null,    RODEO,null,null,null,null,null,null,null,null,null,null,null,null,null,null,null,null,null,null,    MAZDA6,    C43,    VILLAGER,null,    MONTERO,null,null,null,    MURANO,null,null,null,    SCRAMBLER 50,    LAURENTIAN,null,null,null,null,null,null,null,    SL2,null,null,null,null,null,null,null,null,null,    PREVIA,null,null,null,null,    SCIROCCO,    XC60,null,null,null,null,null,null
null,null,null,null,null,null,null,null,null,null,    S4 ,null,null,633,null,null,null,null,null,    COLORADO,    NEW YORKER,null,null,null,null,null,    DURANGO,null,null,null,null,null,null,    ESCAPE,null,null,null,null,null,null,    S15,null,null,null,    ODYSSEY,null,null,null,null,null,null,null,null,    SPACE CAB,null,null,null,null,null,null,null,null,null,null,null,null,null,null,null,null,null,null,    MIATA,    C55 AMG,    XR3,null,    OUTLANDER,null,null,null,    NX COUPE,null,null,null,    SCRAMBLER 500 4X4,    LEMANS,null,null,null,null,null,null,null,    SW1,null,null,null,null,null,null,null,null,null,    PRIUS,null,null,null,null,    TIGUAN,    XC70,null,null,null,null,null,null
null,null,null,null,null,null,null,null,null,null,    S5,null,null,635,null,null,null,null,null,    COMMERCIAL ,    NEWPORT,null,null,null,null,null,    DYNASTY,null,null,null,null,null,null,    ESCORT,null,null,null,null,null,null,    S15 ,null,null,null,    PA50,null,null,null,null,null,null,null,null,    STYLUS,null,null,null,null,null,null,null,null,null,null,null,null,null,null,null,null,null,null,    MILLENIA,    CL500,    XR4TI,null,    PICKUP,null,null,null,    PATHFINDER,null,null,null,    SCRAMBLER 90,    MONTANA,null,null,null,null,null,null,null,    SW2,null,null,null,null,null,null,null,null,null,    RAV4,null,null,null,null,    TOUAREG,    XC90,null,null,null,null,null,null
null,null,null,null,null,null,null,null,null,null,    S6,null,null,645,null,null,null,null,null,    CORSICA,    PACIFICA,null,null,null,null,null,    INTREPID,null,null,null,null,null,null,    EXCURSION,null,null,null,null,null,null,    SAFARI,null,null,null,    PASSPORT,null,null,null,null,null,null,null,null,    TROOPER,null,null,null,null,null,null,null,null,null,null,null,null,null,null,null,null,null,null,    MPV,    CL55 AMG,    ZEPHYR,null,    PRECIS,null,null,null,    PICKUP,null,null,null,    SPORTSMAN 335,    OPTIMA,null,null,null,null,null,null,null,    Sky,null,null,null,null,null,null,null,null,null,    SEQUOIA,null,null,null,null,    TRANSPORTER,null,null,null,null,null,null,null
null,null,null,null,null,null,null,null,null,null,    S8,null,null,650,null,null,null,null,null,    CORVETTE,    PROWLER,null,null,null,null,null,    JOURNEY,null,null,null,null,null,null,    EXP,null,null,null,null,null,null,    SAVANA,null,null,null,    PILOT,null,null,null,null,null,null,null,null,    VEHICROSS,null,null,null,null,null,null,null,null,null,null,null,null,null,null,null,null,null,null,    MX-3,    CL600,null,null,    RAIDER,null,null,null,    PULSAR,null,null,null,    SPORTSMAN 400,    PARISIENNE,null,null,null,null,null,null,null,    VUE,null,null,null,null,null,null,null,null,null,    SHORT BED,null,null,null,null,    VANAGON,null,null,null,null,null,null,null
null,null,null,null,null,null,null,null,null,null,    TT,null,null,    7-SERIES,null,null,null,null,null,    CRUZE,    PT CRUISER,null,null,null,null,null,    LANCER,null,null,null,null,null,null,    EXPEDITION,null,null,null,null,null,null,    SIERRA,null,null,null,    PRELUDE,null,null,null,null,null,null,null,null,    i-370,null,null,null,null,null,null,null,null,null,null,null,null,null,null,null,null,null,null,    MX-5 MIATA,    CL65K AMG,null,null,    SAPPORO,null,null,null,    QUEST,null,null,null,    SPORTSMAN 500/RSE/DUSE,    PHOENIX,null,null,null,null,null,null,null,null,null,null,null,null,null,null,null,null,null,    SIENNA,null,null,null,null,null,null,null,null,null,null,null,null
null,null,null,null,null,null,null,null,null,null,    TTS,null,null,733,null,null,null,null,null,    EL CAMINO,    SALON,null,null,null,null,null,    MAGNUM,null,null,null,null,null,null,    EXPLORER,null,null,null,null,null,null,    SONOMA,null,null,null,    RIDGELINE,null,null,null,null,null,null,null,null,null,null,null,null,null,null,null,null,null,null,null,null,null,null,null,null,null,null,null,    MX-6,    CLK 350,null,null,    SIGMA,null,null,null,    ROGUE,null,null,null,    SPORTSMAN 6X6,    PURSUIT,null,null,null,null,null,null,null,null,null,null,null,null,null,null,null,null,null,    SUPRA,null,null,null,null,null,null,null,null,null,null,null,null
null,null,null,null,null,null,null,null,null,null,null,null,null,735,null,null,null,null,null,    EPICA,    SEBRING,null,null,null,null,null,    MINI RAM,null,null,null,null,null,null,    EXPLORER SPORT TRAC,null,null,null,null,null,null,    SUBURBAN,null,null,null,ST,null,null,null,null,null,null,null,null,null,null,null,null,null,null,null,null,null,null,null,null,null,null,null,null,null,null,null,    MX6,    CLK320,null,null,    SP,null,null,null,    SENTRA,null,null,null,    SPORTSMAN 700,    SAFARI,null,null,null,null,null,null,null,null,null,null,null,null,null,null,null,null,null,    Sequoia,null,null,null,null,null,null,null,null,null,null,null,null
null,null,null,null,null,null,null,null,null,null,null,null,null,740,null,null,null,null,null,    EQUINOX,    MASERATI,null,null,null,null,null,    MIRADA,null,null,null,null,null,null,    F SUPER DUTY,null,null,null,null,null,null,    SYCLONE,null,null,null,TRX,null,null,null,null,null,null,null,null,null,null,null,null,null,null,null,null,null,null,null,null,null,null,null,null,null,null,null,    NAVAJO,    CLK430,null,null,    SPX,null,null,null,    SHORT BED,null,null,null,    SPORTSMAN 90,    SOLSTICE,null,null,null,null,null,null,null,null,null,null,null,null,null,null,null,null,null,    Sienna,null,null,null,null,null,null,null,null,null,null,null,null
null,null,null,null,null,null,null,null,null,null,null,null,null,745,null,null,null,null,null,    EXPRESS ,    TOWN ,null,null,null,null,null,    MONACO,null,null,null,null,null,null,    F-150,null,null,null,null,null,null,    TERRAIN,null,null,null,VF,null,null,null,null,null,null,null,null,null,null,null,null,null,null,null,null,null,null,null,null,null,null,null,null,null,null,null,    PICKUP,    CLK500,null,null,    STARION,null,null,null,    STANZA,null,null,null,    TOURING,    SUNBIRD,null,null,null,null,null,null,null,null,null,null,null,null,null,null,null,null,null,    T100,null,null,null,null,null,null,null,null,null,null,null,null
null,null,null,null,null,null,null,null,null,null,null,null,null,750,null,null,null,null,null,    IMPALA,    VOYAGER,null,null,null,null,null,    NEON,null,null,null,null,null,null,    F100,null,null,null,null,null,null,    TOPKICK,null,null,null,VT,null,null,null,null,null,null,null,null,null,null,null,null,null,null,null,null,null,null,null,null,null,null,null,null,null,null,null,    PROTEGE,    CLK55 AMG,null,null,    TREDIA,null,null,null,    TITAN,null,null,null,    TRAIL BLAZER,    SUNBURST,null,null,null,null,null,null,null,null,null,null,null,null,null,null,null,null,null,    TACOMA,null,null,null,null,null,null,null,null,null,null,null,null
null,null,null,null,null,null,null,null,null,null,null,null,null,760,null,null,null,null,null,    KODIAK,null,null,null,null,null,null,    NITRO,null,null,null,null,null,null,    F150,null,null,null,null,null,null,    TYPHOON,null,null,null,null,null,null,null,null,null,null,null,null,null,null,null,null,null,null,null,null,null,null,null,null,null,null,null,null,null,null,null,    RX7,    CLS 500C,null,null,    VAN,null,null,null,    VAN,null,null,null,    TRAIL BOSS 250,    SUNFIRE,null,null,null,null,null,null,null,null,null,null,null,null,null,null,null,null,null,    TERCEL,null,null,null,null,null,null,null,null,null,null,null,null
null,null,null,null,null,null,null,null,null,null,null,null,null,    8-SERIES,null,null,null,null,null,    LUMINA,null,null,null,null,null,null,    OMNI,null,null,null,null,null,null,    F250,null,null,null,null,null,null,    VALUE VAN,null,null,null,null,null,null,null,null,null,null,null,null,null,null,null,null,null,null,null,null,null,null,null,null,null,null,null,null,null,null,null,    RX8,    CLS 55AMG,null,null,    WAGON,null,null,null,    VERSA,null,null,null,    TRAIL BOSS 325,    SUNRUNNER,null,null,null,null,null,null,null,null,null,null,null,null,null,null,null,null,null,    TUNDRA,null,null,null,null,null,null,null,null,null,null,null,null
null,null,null,null,null,null,null,null,null,null,null,null,null,850,null,null,null,null,null,    LUV,null,null,null,null,null,null,    RAIDER,null,null,null,null,null,null,    F350,null,null,null,null,null,null,    VANDURA,null,null,null,null,null,null,null,null,null,null,null,null,null,null,null,null,null,null,null,null,null,null,null,null,null,null,null,null,null,null,null,    TRIBUTE,    CLS CLASS,null,null,null,null,null,null,    X TRAIL,null,null,null,    V92C DELUXE,    Solstice,null,null,null,null,null,null,null,null,null,null,null,null,null,null,null,null,null,    VAN,null,null,null,null,null,null,null,null,null,null,null,null
null,null,null,null,null,null,null,null,null,null,null,null,null,    F1200,null,null,null,null,null,    MALIBU,null,null,null,null,null,null,100,null,null,null,null,null,null,    F450 ,null,null,null,null,null,null,    W3500,null,null,null,null,null,null,null,null,null,null,null,null,null,null,null,null,null,null,null,null,null,null,null,null,null,null,null,null,null,null,null,    Tribute,    E300,null,null,null,null,null,null,    XTERRA,null,null,null,    V92SC,    T-1000,null,null,null,null,null,null,null,null,null,null,null,null,null,null,null,null,null,    VENZA,null,null,null,null,null,null,null,null,null,null,null,null
null,null,null,null,null,null,null,null,null,null,null,null,null,    F650,null,null,null,null,null,    METRO,null,null,null,null,null,null,150,null,null,null,null,null,null,    F550 ,null,null,null,null,null,null,    W4500,null,null,null,null,null,null,null,null,null,null,null,null,null,null,null,null,null,null,null,null,null,null,null,null,null,null,null,null,null,null,null,    VAN,    E320,null,null,null,null,null,null,null,null,null,null,    VEGAS,    TEMPEST,null,null,null,null,null,null,null,null,null,null,null,null,null,null,null,null,null,    YARIS,null,null,null,null,null,null,null,null,null,null,null,null
null,null,null,null,null,null,null,null,null,null,null,null,null,    GRAN TURISMO,null,null,null,null,null,    MONTE CARLO,null,null,null,null,null,null,1500,null,null,null,null,null,null,    F650 ,null,null,null,null,null,null,    WT5,null,null,null,null,null,null,null,null,null,null,null,null,null,null,null,null,null,null,null,null,null,null,null,null,null,null,null,null,null,null,null,    WAGON,    E350,null,null,null,null,null,null,null,null,null,null,    VICTORY,    TORRENT,null,null,null,null,null,null,null,null,null,null,null,null,null,null,null,null,null,null,null,null,null,null,null,null,null,null,null,null,null,null
null,null,null,null,null,null,null,null,null,null,null,null,null,    HP2 ENDURO,null,null,null,null,null,    NOVA,null,null,null,null,null,null,2500,null,null,null,null,null,null,    F800,null,null,null,null,null,null,    YUKON,null,null,null,null,null,null,null,null,null,null,null,null,null,null,null,null,null,null,null,null,null,null,null,null,null,null,null,null,null,null,null,null,    E420,null,null,null,null,null,null,null,null,null,null,    VICTORY VEGAS,    TRANS SPORT,null,null,null,null,null,null,null,null,null,null,null,null,null,null,null,null,null,null,null,null,null,null,null,null,null,null,null,null,null,null
null,null,null,null,null,null,null,null,null,null,null,null,null,    K1,null,null,null,null,null,    OPTRA,null,null,null,null,null,null,3500,null,null,null,null,null,null,    FAIRMONT,null,null,null,null,null,null,null,null,null,null,null,null,null,null,null,null,null,null,null,null,null,null,null,null,null,null,null,null,null,null,null,null,null,null,null,null,null,null,null,    E430,null,null,null,null,null,null,null,null,null,null,    XPEDITION 325,    TRANSPORT,null,null,null,null,null,null,null,null,null,null,null,null,null,null,null,null,null,null,null,null,null,null,null,null,null,null,null,null,null,null
null,null,null,null,null,null,null,null,null,null,null,null,null,    K100,null,null,null,null,null,    P20,null,null,null,null,null,null,4500,null,null,null,null,null,null,    FESTIVA,null,null,null,null,null,null,null,null,null,null,null,null,null,null,null,null,null,null,null,null,null,null,null,null,null,null,null,null,null,null,null,null,null,null,null,null,null,null,null,    E500,null,null,null,null,null,null,null,null,null,null,    XPEDITION 425,    VIBE,null,null,null,null,null,null,null,null,null,null,null,null,null,null,null,null,null,null,null,null,null,null,null,null,null,null,null,null,null,null
null,null,null,null,null,null,null,null,null,null,null,null,null,    K1100,null,null,null,null,null,    P30,null,null,null,null,null,null,    RAM WAGON,null,null,null,null,null,null,    FIESTA,null,null,null,null,null,null,null,null,null,null,null,null,null,null,null,null,null,null,null,null,null,null,null,null,null,null,null,null,null,null,null,null,null,null,null,null,null,null,null,    E55,null,null,null,null,null,null,null,null,null,null,    XPLORER 300,    WAVE,null,null,null,null,null,null,null,null,null,null,null,null,null,null,null,null,null,null,null,null,null,null,null,null,null,null,null,null,null,null
null,null,null,null,null,null,null,null,null,null,null,null,null,    K1200,null,null,null,null,null,    P40,null,null,null,null,null,null,    RAMCHARGER,null,null,null,null,null,null,    FIVE HUNDRED,null,null,null,null,null,null,null,null,null,null,null,null,null,null,null,null,null,null,null,null,null,null,null,null,null,null,null,null,null,null,null,null,null,null,null,null,null,null,null,    G500,null,null,null,null,null,null,null,null,null,null,    XPLORER 400,null,null,null,null,null,null,null,null,null,null,null,null,null,null,null,null,null,null,null,null,null,null,null,null,null,null,null,null,null,null,null
null,null,null,null,null,null,null,null,null,null,null,null,null,    K75,null,null,null,null,null,    PRIZM,null,null,null,null,null,null,    RAMPAGE,null,null,null,null,null,null,    FLEX,null,null,null,null,null,null,null,null,null,null,null,null,null,null,null,null,null,null,null,null,null,null,null,null,null,null,null,null,null,null,null,null,null,null,null,null,null,null,null,    G55,null,null,null,null,null,null,null,null,null,null,    XPLORER 4X4,null,null,null,null,null,null,null,null,null,null,null,null,null,null,null,null,null,null,null,null,null,null,null,null,null,null,null,null,null,null,null
null,null,null,null,null,null,null,null,null,null,null,null,null,    K75S,null,null,null,null,null,10,null,null,null,null,null,null,    RD200,null,null,null,null,null,null,    FOCUS,null,null,null,null,null,null,null,null,null,null,null,null,null,null,null,null,null,null,null,null,null,null,null,null,null,null,null,null,null,null,null,null,null,null,null,null,null,null,null,    ML320,null,null,null,null,null,null,null,null,null,null,    XPRESS 300,null,null,null,null,null,null,null,null,null,null,null,null,null,null,null,null,null,null,null,null,null,null,null,null,null,null,null,null,null,null,null
null,null,null,null,null,null,null,null,null,null,null,null,null,    L7,null,null,null,null,null,    S6000,null,null,null,null,null,null,    ROYAL,null,null,null,null,null,null,    FREESTAR,null,null,null,null,null,null,null,null,null,null,null,null,null,null,null,null,null,null,null,null,null,null,null,null,null,null,null,null,null,null,null,null,null,null,null,null,null,null,null,    ML350,null,null,null,null,null,null,null,null,null,null,null,null,null,null,null,null,null,null,null,null,null,null,null,null,null,null,null,null,null,null,null,null,null,null,null,null,null,null,null,null,null,null
null,null,null,null,null,null,null,null,null,null,null,null,null,COUPE,null,null,null,null,null,    SILVERADO,null,null,null,null,null,null,    SHADOW,null,null,null,null,null,null,    FREESTYLE,null,null,null,null,null,null,null,null,null,null,null,null,null,null,null,null,null,null,null,null,null,null,null,null,null,null,null,null,null,null,null,null,null,null,null,null,null,null,null,    ML430,null,null,null,null,null,null,null,null,null,null,null,null,null,null,null,null,null,null,null,null,null,null,null,null,null,null,null,null,null,null,null,null,null,null,null,null,null,null,null,null,null,null
null,null,null,null,null,null,null,null,null,null,null,null,null,ROADSTER,null,null,null,null,null,1500,null,null,null,null,null,null,    SPIRIT,null,null,null,null,null,null,    FUSION,null,null,null,null,null,null,null,null,null,null,null,null,null,null,null,null,null,null,null,null,null,null,null,null,null,null,null,null,null,null,null,null,null,null,null,null,null,null,null,    ML500,null,null,null,null,null,null,null,null,null,null,null,null,null,null,null,null,null,null,null,null,null,null,null,null,null,null,null,null,null,null,null,null,null,null,null,null,null,null,null,null,null,null
null,null,null,null,null,null,null,null,null,null,null,null,null,    M3,null,null,null,null,null,2500,null,null,null,null,null,null,    SPRINTER,null,null,null,null,null,null,    Focus,null,null,null,null,null,null,null,null,null,null,null,null,null,null,null,null,null,null,null,null,null,null,null,null,null,null,null,null,null,null,null,null,null,null,null,null,null,null,null,    ML55,null,null,null,null,null,null,null,null,null,null,null,null,null,null,null,null,null,null,null,null,null,null,null,null,null,null,null,null,null,null,null,null,null,null,null,null,null,null,null,null,null,null
null,null,null,null,null,null,null,null,null,null,null,null,null,    M5,null,null,null,null,null,3500,null,null,null,null,null,null,    REGIS,null,null,null,null,null,null,    Freestyle,null,null,null,null,null,null,null,null,null,null,null,null,null,null,null,null,null,null,null,null,null,null,null,null,null,null,null,null,null,null,null,null,null,null,null,null,null,null,null,    R350,null,null,null,null,null,null,null,null,null,null,null,null,null,null,null,null,null,null,null,null,null,null,null,null,null,null,null,null,null,null,null,null,null,null,null,null,null,null,null,null,null,null
null,null,null,null,null,null,null,null,null,null,null,null,null,    M6,null,null,null,null,null,    SPECTRUM LEVEL I,null,null,null,null,null,null,    STEALTH,null,null,null,null,null,null,    GRANADA,null,null,null,null,null,null,null,null,null,null,null,null,null,null,null,null,null,null,null,null,null,null,null,null,null,null,null,null,null,null,null,null,null,null,null,null,null,null,null,    R500,null,null,null,null,null,null,null,null,null,null,null,null,null,null,null,null,null,null,null,null,null,null,null,null,null,null,null,null,null,null,null,null,null,null,null,null,null,null,null,null,null,null
null,null,null,null,null,null,null,null,null,null,null,null,null,    R100,null,null,null,null,null,    SPORTVAN,null,null,null,null,null,null,    STRATUS,null,null,null,null,null,null,    GT,null,null,null,null,null,null,null,null,null,null,null,null,null,null,null,null,null,null,null,null,null,null,null,null,null,null,null,null,null,null,null,null,null,null,null,null,null,null,null,    S320,null,null,null,null,null,null,null,null,null,null,null,null,null,null,null,null,null,null,null,null,null,null,null,null,null,null,null,null,null,null,null,null,null,null,null,null,null,null,null,null,null,null
null,null,null,null,null,null,null,null,null,null,null,null,null,    R1100,null,null,null,null,null,    SPRINT,null,null,null,null,null,null,    VIPER,null,null,null,null,null,null,    LASER,null,null,null,null,null,null,null,null,null,null,null,null,null,null,null,null,null,null,null,null,null,null,null,null,null,null,null,null,null,null,null,null,null,null,null,null,null,null,null,    S350,null,null,null,null,null,null,null,null,null,null,null,null,null,null,null,null,null,null,null,null,null,null,null,null,null,null,null,null,null,null,null,null,null,null,null,null,null,null,null,null,null,null
null,null,null,null,null,null,null,null,null,null,null,null,null,    R1150,null,null,null,null,null,    SSR,null,null,null,null,null,null,    W-,null,null,null,null,null,null,    LOW TILT C600,null,null,null,null,null,null,null,null,null,null,null,null,null,null,null,null,null,null,null,null,null,null,null,null,null,null,null,null,null,null,null,null,null,null,null,null,null,null,null,    S420,null,null,null,null,null,null,null,null,null,null,null,null,null,null,null,null,null,null,null,null,null,null,null,null,null,null,null,null,null,null,null,null,null,null,null,null,null,null,null,null,null,null
null,null,null,null,null,null,null,null,null,null,null,null,null,    R1200 ,null,null,null,null,null,    SUBURBAN,null,null,null,null,null,null,    W100,null,null,null,null,null,null,    LTD,null,null,null,null,null,null,null,null,null,null,null,null,null,null,null,null,null,null,null,null,null,null,null,null,null,null,null,null,null,null,null,null,null,null,null,null,null,null,null,    S430,null,null,null,null,null,null,null,null,null,null,null,null,null,null,null,null,null,null,null,null,null,null,null,null,null,null,null,null,null,null,null,null,null,null,null,null,null,null,null,null,null,null
null,null,null,null,null,null,null,null,null,null,null,null,null,    R65,null,null,null,null,null,    TAHOE,null,null,null,null,null,null,    W400,null,null,null,null,null,null,    MH STRIPPED CHASSIS,null,null,null,null,null,null,null,null,null,null,null,null,null,null,null,null,null,null,null,null,null,null,null,null,null,null,null,null,null,null,null,null,null,null,null,null,null,null,null,    S500,null,null,null,null,null,null,null,null,null,null,null,null,null,null,null,null,null,null,null,null,null,null,null,null,null,null,null,null,null,null,null,null,null,null,null,null,null,null,null,null,null,null
null,null,null,null,null,null,null,null,null,null,null,null,null,    R80,null,null,null,null,null,    TRACKER,null,null,null,null,null,null,null,null,null,null,null,null,null,    MUSTANG,null,null,null,null,null,null,null,null,null,null,null,null,null,null,null,null,null,null,null,null,null,null,null,null,null,null,null,null,null,null,null,null,null,null,null,null,null,null,null,    S55 AMG,null,null,null,null,null,null,null,null,null,null,null,null,null,null,null,null,null,null,null,null,null,null,null,null,null,null,null,null,null,null,null,null,null,null,null,null,null,null,null,null,null,null
null,null,null,null,null,null,null,null,null,null,null,null,null,    X3,null,null,null,null,null,    TRAILBLAZER,null,null,null,null,null,null,null,null,null,null,null,null,null,    NEIGHBOR,null,null,null,null,null,null,null,null,null,null,null,null,null,null,null,null,null,null,null,null,null,null,null,null,null,null,null,null,null,null,null,null,null,null,null,null,null,null,null,    S550,null,null,null,null,null,null,null,null,null,null,null,null,null,null,null,null,null,null,null,null,null,null,null,null,null,null,null,null,null,null,null,null,null,null,null,null,null,null,null,null,null,null
null,null,null,null,null,null,null,null,null,null,null,null,null,    X5,null,null,null,null,null,    TRAVERSE,null,null,null,null,null,null,null,null,null,null,null,null,null,    PROBE,null,null,null,null,null,null,null,null,null,null,null,null,null,null,null,null,null,null,null,null,null,null,null,null,null,null,null,null,null,null,null,null,null,null,null,null,null,null,null,    S600,null,null,null,null,null,null,null,null,null,null,null,null,null,null,null,null,null,null,null,null,null,null,null,null,null,null,null,null,null,null,null,null,null,null,null,null,null,null,null,null,null,null
null,null,null,null,null,null,null,null,null,null,null,null,null,    X6,null,null,null,null,null,    UPLANDER,null,null,null,null,null,null,null,null,null,null,null,null,null,    RANGER,null,null,null,null,null,null,null,null,null,null,null,null,null,null,null,null,null,null,null,null,null,null,null,null,null,null,null,null,null,null,null,null,null,null,null,null,null,null,null,    S65AMG,null,null,null,null,null,null,null,null,null,null,null,null,null,null,null,null,null,null,null,null,null,null,null,null,null,null,null,null,null,null,null,null,null,null,null,null,null,null,null,null,null,null
null,null,null,null,null,null,null,null,null,null,null,null,null,    Z3,null,null,null,null,null,    V10,null,null,null,null,null,null,null,null,null,null,null,null,null,    SUPERDUTY,null,null,null,null,null,null,null,null,null,null,null,null,null,null,null,null,null,null,null,null,null,null,null,null,null,null,null,null,null,null,null,null,null,null,null,null,null,null,null,    SL320,null,null,null,null,null,null,null,null,null,null,null,null,null,null,null,null,null,null,null,null,null,null,null,null,null,null,null,null,null,null,null,null,null,null,null,null,null,null,null,null,null,null
null,null,null,null,null,null,null,null,null,null,null,null,null,    Z4,null,null,null,null,null,    V1500,null,null,null,null,null,null,null,null,null,null,null,null,null,    TAURUS,null,null,null,null,null,null,null,null,null,null,null,null,null,null,null,null,null,null,null,null,null,null,null,null,null,null,null,null,null,null,null,null,null,null,null,null,null,null,null,    SL500,null,null,null,null,null,null,null,null,null,null,null,null,null,null,null,null,null,null,null,null,null,null,null,null,null,null,null,null,null,null,null,null,null,null,null,null,null,null,null,null,null,null
null,null,null,null,null,null,null,null,null,null,null,null,null,    Z8,null,null,null,null,null,20,null,null,null,null,null,null,null,null,null,null,null,null,null,    TEMPO,null,null,null,null,null,null,null,null,null,null,null,null,null,null,null,null,null,null,null,null,null,null,null,null,null,null,null,null,null,null,null,null,null,null,null,null,null,null,null,    SL55 AMG,null,null,null,null,null,null,null,null,null,null,null,null,null,null,null,null,null,null,null,null,null,null,null,null,null,null,null,null,null,null,null,null,null,null,null,null,null,null,null,null,null,null
null,null,null,null,null,null,null,null,null,null,null,null,null,null,null,null,null,null,null,    V2500,null,null,null,null,null,null,null,null,null,null,null,null,null,    THUNDERBIRD,null,null,null,null,null,null,null,null,null,null,null,null,null,null,null,null,null,null,null,null,null,null,null,null,null,null,null,null,null,null,null,null,null,null,null,null,null,null,null,    SL600,null,null,null,null,null,null,null,null,null,null,null,null,null,null,null,null,null,null,null,null,null,null,null,null,null,null,null,null,null,null,null,null,null,null,null,null,null,null,null,null,null,null
null,null,null,null,null,null,null,null,null,null,null,null,null,null,null,null,null,null,null,    V30,null,null,null,null,null,null,null,null,null,null,null,null,null,    TRANSIT ,null,null,null,null,null,null,null,null,null,null,null,null,null,null,null,null,null,null,null,null,null,null,null,null,null,null,null,null,null,null,null,null,null,null,null,null,null,null,null,    SL65 AMG,null,null,null,null,null,null,null,null,null,null,null,null,null,null,null,null,null,null,null,null,null,null,null,null,null,null,null,null,null,null,null,null,null,null,null,null,null,null,null,null,null,null
null,null,null,null,null,null,null,null,null,null,null,null,null,null,null,null,null,null,null,    V3500,null,null,null,null,null,null,null,null,null,null,null,null,null,    WINDSTAR,null,null,null,null,null,null,null,null,null,null,null,null,null,null,null,null,null,null,null,null,null,null,null,null,null,null,null,null,null,null,null,null,null,null,null,null,null,null,null,SLK,null,null,null,null,null,null,null,null,null,null,null,null,null,null,null,null,null,null,null,null,null,null,null,null,null,null,null,null,null,null,null,null,null,null,null,null,null,null,null,null,null,null
null,null,null,null,null,null,null,null,null,null,null,null,null,null,null,null,null,null,null,    VAN,null,null,null,null,null,null,null,null,null,null,null,null,null,null,null,null,null,null,null,null,null,null,null,null,null,null,null,null,null,null,null,null,null,null,null,null,null,null,null,null,null,null,null,null,null,null,null,null,null,null,null,null,null,    SLR,null,null,null,null,null,null,null,null,null,null,null,null,null,null,null,null,null,null,null,null,null,null,null,null,null,null,null,null,null,null,null,null,null,null,null,null,null,null,null,null,null,null
null,null,null,null,null,null,null,null,null,null,null,null,null,null,null,null,null,null,null,    VENTURE,null,null,null,null,null,null,null,null,null,null,null,null,null,null,null,null,null,null,null,null,null,null,null,null,null,null,null,null,null,null,null,null,null,null,null,null,null,null,null,null,null,null,null,null,null,null,null,null,null,null,null,null,null,    SLS,null,null,null,null,null,null,null,null,null,null,null,null,null,null,null,null,null,null,null,null,null,null,null,null,null,null,null,null,null,null,null,null,null,null,null,null,null,null,null,null,null,null
null,null,null,null,null,null,null,null,null,null,null,null,null,null,null,null,null,null,null,    VOLT,null,null,null,null,null,null,null,null,null,null,null,null,null,null,null,null,null,null,null,null,null,null,null,null,null,null,null,null,null,null,null,null,null,null,null,null,null,null,null,null,null,null,null,null,null,null,null,null,null,null,null,null,null,null,null,null,null,null,null,null,null,null,null,null,null,null,null,null,null,null,null,null,null,null,null,null,null,null,null,null,null,null,null,null,null,null,null,null,null,null,null,null,null,null,null,null
null,null,null,null,null,null,null,null,null,null,null,null,null,null,null,null,null,null,null,    WT5,null,null,null,null,null,null,null,null,null,null,null,null,null,null,null,null,null,null,null,null,null,null,null,null,null,null,null,null,null,null,null,null,null,null,null,null,null,null,null,null,null,null,null,null,null,null,null,null,null,null,null,null,null,null,null,null,null,null,null,null,null,null,null,null,null,null,null,null,null,null,null,null,null,null,null,null,null,null,null,null,null,null,null,null,null,null,null,null,null,null,null,null,null,null,null,null
